[{"model": "main.profile", "pk": 1, "fields": {"user": 3, "documento_identidad": "87324683", "fecha_nacimiento": "2000-08-07", "estado": "Sol", "genero": "FE"}}, {"model": "main.profile", "pk": 2, "fields": {"user": 5, "documento_identidad": "76677623", "fecha_nacimiento": "2001-10-10", "estado": "soL", "genero": "MA"}}, {"model": "main.profile", "pk": 3, "fields": {"user": 6, "documento_identidad": "76677623", "fecha_nacimiento": "2020-10-10", "estado": "Sol", "genero": "FE"}}, {"model": "main.cliente", "pk": 1, "fields": {"user_profile": 1, "preferencias": [1]}}, {"model": "main.cliente", "pk": 2, "fields": {"user_profile": 3, "preferencias": [3]}}, {"model": "main.comerciante", "pk": 1, "fields": {"ruc": "93843274237", "razon_social": "Armeria AG", "telefono": "999395354"}}, {"model": "main.comerciante", "pk": 2, "fields": {"ruc": "22473865355", "razon_social": "Metales Galarreta", "telefono": "939584593"}}, {"model": "main.comerciante", "pk": 3, "fields": {"ruc": "23322348583", "razon_social": "Agencia de Viaje PPK", "telefono": "999375737"}}, {"model": "main.comerciante", "pk": 4, "fields": {"ruc": "29430425454", "razon_social": "Lavanderia Keiko", "telefono": "999574754"}}, {"model": "main.comerciante", "pk": 5, "fields": {"ruc": "22435495559", "razon_social": "Veterinaria Kenji", "telefono": "993853554"}}, {"model": "main.comerciante", "pk": 6, "fields": {"ruc": "00199243243", "razon_social": "Grabadoras Vizcarra", "telefono": "959458454"}}, {"model": "main.comerciante", "pk": 7, "fields": {"ruc": "23545400306", "razon_social": "Loco Patadita", "telefono": "999454385"}}, {"model": "main.comerciante", "pk": 8, "fields": {"ruc": "01284832523", "razon_social": "Moana", "telefono": "994754353"}}, {"model": "main.comerciante", "pk": 9, "fields": {"ruc": "03543246546", "razon_social": "Temporibus", "telefono": "998375664"}}, {"model": "main.comerciante", "pk": 10, "fields": {"ruc": "23243545465", "razon_social": "Deporte Vida", "telefono": "995435344"}}, {"model": "main.comerciante", "pk": 11, "fields": {"ruc": "42343254534", "razon_social": "Electronica Pedrito", "telefono": "324354954"}}, {"model": "main.comerciante", "pk": 12, "fields": {"ruc": "43242354353", "razon_social": "Tienda Juanito SAC", "telefono": "999495435"}}, {"model": "main.categoria", "pk": 1, "fields": {"codigo": "OTR", "nombre": "OTROS"}}, {"model": "main.categoria", "pk": 2, "fields": {"codigo": "DEP", "nombre": "Deportes"}}, {"model": "main.categoria", "pk": 3, "fields": {"codigo": "CEL", "nombre": "Celulares"}}, {"model": "main.categoria", "pk": 4, "fields": {"codigo": "HOG", "nombre": "Hogar"}}, {"model": "main.categoria", "pk": 5, "fields": {"codigo": "VES", "nombre": "Vestuario"}}, {"model": "main.categoria", "pk": 6, "fields": {"codigo": "TI", "nombre": "Informatica"}}, {"model": "main.categoria", "pk": 7, "fields": {"codigo": "EC", "nombre": "Electrodomesticos"}}, {"model": "main.localizacion", "pk": 1, "fields": {"distrito": "Lima", "provincia": "Lima", "departamento": "Lima"}}, {"model": "main.localizacion", "pk": 2, "fields": {"distrito": "Miraflores", "provincia": "Lima", "departamento": "Lima"}}, {"model": "main.localizacion", "pk": 3, "fields": {"distrito": "Barranco", "provincia": "Lima", "departamento": "Lima"}}, {"model": "main.localizacion", "pk": 4, "fields": {"distrito": "San Isidro", "provincia": "Lima", "departamento": "Lima"}}, {"model": "main.localizacion", "pk": 5, "fields": {"distrito": "San Borja", "provincia": "Lima", "departamento": "Lima"}}, {"model": "main.localizacion", "pk": 6, "fields": {"distrito": "San Miguel", "provincia": "Lima", "departamento": "Lima"}}, {"model": "main.localizacion", "pk": 7, "fields": {"distrito": "Magdalena", "provincia": "Lima", "departamento": "Lima"}}, {"model": "main.localizacion", "pk": 8, "fields": {"distrito": "Pueblo Libre", "provincia": "Lima", "departamento": "Lima"}}, {"model": "main.localizacion", "pk": 9, "fields": {"distrito": "Lince", "provincia": "Lima", "departamento": "Lima"}}, {"model": "main.localizacion", "pk": 10, "fields": {"distrito": "Jesus Maria", "provincia": "Lima", "departamento": "Lima"}}, {"model": "main.producto", "pk": 41, "fields": {"categoria": 4, "comerciante": 6, "nombre": "Roku Premiere 4K HDR", "descripcion": "Experimenta el mejor streaming gracias al procesador veloz de cuatro núcleos y recepción inalámbrica\r\n802.11 (compatible con b/g/n). Roku Premiere te permite ver tus programas favoritos rápidamente, con\r\nnavegación receptiva y sin obstáculos y por canales que se inician con rapidez. Roku Premiere brinda una\r\nmagnífica calidad de imagen a tu TV 4K UHD o 1080p HD que te sumerge en la acción con imágenes nítidas y\r\ntan reales que parece que están a punto de saltar de la pantalla. Experimenta el apremio visual de reproducir\r\npor streaming 4K Ultra HD con un TV 4K y contenido compatible. El canal Spotlight 4K de Roku ayuda a encontrar\r\ncontenido 4K. Consulta con el socio de canal sobre los requisitos de ancho de banda. Una interfaz intuitiva\r\npermite que accedas fácilmente a todos tus canales favoritos (pagados o gratuitos) desde la pantalla de tu hogar.\r\nPor último, Roku Premiere viene con un control remoto fácil de usar.", "precio": 162.0, "estado": "NUE", "descuento": 0.0}}, {"model": "main.producto", "pk": 42, "fields": {"categoria": 6, "comerciante": 6, "nombre": "Drone DJI Tello", "descripcion": "La tecnología los últimos años ha experimentado uno de los saltos más evidentes y acelerados respecto a todo\r\nlos acumulados hasta el día de hoy, se encarga de resolver los problemas más modernos y de satisfacer las\r\nnecesidades y deseos de cada consumidor en particular. Asimismo, es capaz de reducir la distancia entre\r\nlas personas, mejorar, automatizar y acelerar procesos, generar entretenimiento y momentos sin igual,\r\nsin duda, una de las tecnologías que más destacan y llaman la atención de todos en estos últimos años son\r\nlos drones, aparatos voladores que pueden ser controlados en forma remota, además, logran ser usados en\r\ninfinidad de tareas que el humano desee. Disfruta de este drone que te permite grabar videos con una resolución\r\nde 720p y hacer fotos de hasta 5 Megapixeles, también te permite utilizar las gafas inmersivas de realidad virtual\r\nDji Goggles para sentirte igual que si estuvieras dentro del dron convirtiendo la navegación en una experiencia única.", "precio": 390.9, "estado": "NUE", "descuento": 0.0}}, {"model": "main.producto", "pk": 43, "fields": {"categoria": 3, "comerciante": 11, "nombre": "Samsung Galaxy S10", "descripcion": "Smartphone Samsung Galaxy S10\r\nSamsung está innovando en el mundo de las tecnologías de internet y el marketing digital. Es por eso que en esta\r\noportunidad te traemos un teléfono ideal para ti, uno de los más esperados en el mundo, el cual cuenta con múltiples\r\nfunciones que te ayudarán a mantenerte activo en la actualidad al ser un celular con características de gama alta.\r\nEntre las que destacan: su cámara triple, pantalla de 6.1 pulgadas, lector de huellas, batería de 3400 mAh, entre\r\notras características. El sistema operativo de este teléfono es Android 9.0 Pie. Su procesador es Snapdragon 855,\r\nsumando así una unidad de procesamiento neutral de 8 núcleos, lo que hace que este dispositivo mejore su trabajo de\r\ninteligencia artificial.Por otra parte, este dispositivo cuenta con soporte para WiFi 6, un nuevo método de conexión\r\ninalámbrica que mejora la velocidad en dispositivos móviles y es capaz de alcanzar una velocidad máxima de 5 Gbps.", "precio": 3199.9, "estado": "NUE", "descuento": 0.0}}, {"model": "main.producto", "pk": 44, "fields": {"categoria": 1, "comerciante": 12, "nombre": "Ray Ban Aviador", "descripcion": "Estos productos de alta calidad de la marca RayBan están elaborados por Luxottica con los mejores materiales para\r\ngarantizar su duración, además de una excelente funcionalidad. Sin duda, debes adquirirlo y disfrutar de todos sus\r\nbeneficios y ventajas. Quedarás gratamente sorprendido. Adquiere ahora en Linio al mejor precio y en la puerta de tu casa.\r\nLentes de Sol RayBan son de calidad A1 con proteccion UV400  viene nuevo en caja ¿Qué estás esperando? No te quedes atrás y\r\nadquiere un producto de gran diseño, calidad y garantía, gracias a Linio que trae para ti lo mejor de su amplia línea de productos.\r\nAdquiere este magnífico producto a través de la plataforma web de Linio, a un precio increíble, si deseas otros modelos, puedes\r\nrevisar nuestro catalogo online y hacer su pedido.", "precio": 599.0, "estado": "NUE", "descuento": 0.0}}, {"model": "main.producto", "pk": 45, "fields": {"categoria": 2, "comerciante": 7, "nombre": "Monark T-306", "descripcion": "Con esta Trotadora Eléctrica podrás disfrutar en la comodidad de tu hogar, de los grandes beneficios que ofrece el ejercicio a tu cuerpo\r\ny salud.Esta Trotadora Eléctrica Monark T-306 cuenta con una serie de características que hacen de esta el complemento perfecto para tu\r\nentrenamiento corporal. Posee un computador, que refleja información de pantalla, donde puedes visualizar: velocidad, distancia, tiempo,\r\n calorías, ritmo cardíaco y programas; elementos de gran relevancia para cualquier persona que realiza ejercicio, puesto que de esta manera\r\n puedes trazarte metas de entrenamiento, así como también conocer claramente los resultados alcanzados.En cuanto al diseño de la máquina,\r\n el mismo es ergonómico, ya que está ideado pensando en la comodidad del usuario, como es el caso de la inclinación, la cual es de tipo ajustable,\r\n dependiendo de los gustos de quien hace uso de la máquina. El peso máximo es de 100 kg.", "precio": 2699.99, "estado": "NUE", "descuento": 0.0}}, {"model": "main.producto", "pk": 46, "fields": {"categoria": 1, "comerciante": 5, "nombre": "Cama para Perro", "descripcion": "Cama en diseño Iglú,  estilo fresa, de algodón suave, es muy recomendable y abrigadora para tus mascotas. Ideal para perros y gatos. Hecho de algodón y poliéster de alta calidad, cuenta  con un cojín suave. Es duradero para un uso prolongado y ofrecerá a su mascota mucha comodidad.  Lindo y elegante. Además, la parte inferior es impermeable y antideslizante, lo que resulta muy práctico y fácil de usar.", "precio": 85.0, "estado": "NUE", "descuento": 0.0}}, {"model": "main.producto", "pk": 48, "fields": {"categoria": 3, "comerciante": 11, "nombre": "Xiaomi Redmi Note 6", "descripcion": "Celular Desbloqueado Ranura para SIM: Dual SIM, Dual Standby  Tipo de SIM: Dual Nano SIM, Micro SIM  TIpo: Phablet\r\nProcesador: Qualcomm Snapdragon 636  Núcleos: 1.8GHz, Octa Core  Memoria expandible: con micro SD hasta 256GB\r\nGPU: Adreno 509  RAM: 4GB RAM  ROM: 64GB Wireless Connectivity: 3G,4G,A-GPS,Bluetooth,GPS,GSM,LTE,WiFi\r\nTDD B40 2300MHz Resolución FHD: 2280 x 1080 Tamaño: 6.26 pulgadas Tipo: IPS CAMARA\r\nTrasera: 12.0MP + 5.0MP  Frontal: 20.0MP + 2.0MP Música: AAC,AMR,FLAC,MP3,MP4  Video: H.263,H.264,H.265,MPEG4\r\n3G,4G,Alarm,Bluetooth,Browser,Calculator,Calendar,Camera,Fingerprint recognition,GPS,Hall Sensor,Proximity Sensing\r\nBluetooth 5.0 Google Play Store: Si I/O Interface: 1 x Nano SIM Card Slot,3.5mm Audio Out Port,Micophone,Micro USB\r\nSlot,Nano SIM / Micro SD Slot,Speaker  Sensores: Accelerometer,Ambient Light Sensor,E-Compass,Gyroscope,Hall Sensor,\r\nInfrared Radiation,Proximity", "precio": 1899.99, "estado": "NUE", "descuento": 0.0}}, {"model": "main.producto", "pk": 49, "fields": {"categoria": 2, "comerciante": 10, "nombre": "Nike Lunar Gato", "descripcion": "Naciste para correr. \r\nEstas zapatillas para correr de mujer te brindan ligereza y comodidad en cada pisada\r\nPara un mayor soporte, agrega refuerzos en las zonas de alto desgaste.\r\nDiseño anatómico clásico de superficie de malla que brinda gran flexibilidad.\r\nComo forro transpirable para mejor ventilación.\r\nDisfruta de gran confort con la plantilla EVA ademas brinda máxima amortiguacion.\r\nCombina una plantilla y mediasuela de EVA para una óptima amortiguación en cada kilómetro que recorras.\r\nSu capellada está hecha de una malla ligera que mantendrá tus pies secos y frescos de inicio a fin.", "precio": 290.0, "estado": "NUE", "descuento": 0.0}}, {"model": "main.producto", "pk": 51, "fields": {"categoria": 2, "comerciante": 3, "nombre": "Zapatillas Nike", "descripcion": "¡Las mejoras para ti!", "precio": 100.0, "estado": "En", "descuento": 3.0}}, {"model": "main.pedido", "pk": 1, "fields": {"cliente": 2, "repartidor": null, "ubicacion": 2, "fecha_creacion": "2021-06-10T06:13:01.299Z", "fecha_entrega": null, "estado": "PAG", "direccion_entrega": "Avenida San Isidro 100", "tarifa": 15.0, "tipo_comprobante": "1", "RUC_Factura": "Ingresar RUC, en caso Factura"}}, {"model": "main.pedido", "pk": 2, "fields": {"cliente": 2, "repartidor": null, "ubicacion": 3, "fecha_creacion": "2021-06-12T16:06:36.199Z", "fecha_entrega": null, "estado": "PAG", "direccion_entrega": "Avenida San Isidro 150", "tarifa": 17.0, "tipo_comprobante": "1", "RUC_Factura": "Ingresar RUC, en caso Factura"}}, {"model": "main.pedido", "pk": 3, "fields": {"cliente": 2, "repartidor": null, "ubicacion": 3, "fecha_creacion": "2021-06-22T19:26:11.895Z", "fecha_entrega": null, "estado": "EP", "direccion_entrega": "Avenida San Isidro 100", "tarifa": 8.0, "tipo_comprobante": "Boleta", "RUC_Factura": "-"}}, {"model": "main.detallepedido", "pk": 1, "fields": {"producto": 41, "pedido": 1, "cantidad": 2}}, {"model": "main.detallepedido", "pk": 7, "fields": {"producto": 41, "pedido": 2, "cantidad": 1}}, {"model": "main.detallepedido", "pk": 8, "fields": {"producto": 42, "pedido": 3, "cantidad": 7}}, {"model": "main.detallepedido", "pk": 9, "fields": {"producto": 41, "pedido": 3, "cantidad": 1}}, {"model": "admin.logentry", "pk": 1, "fields": {"action_time": "2021-05-13T01:13:51.306Z", "user": 1, "content_type": 11, "object_id": "1", "object_repr": "Pedido object (1)", "action_flag": 1, "change_message": "[{\"added\": {}}]"}}, {"model": "admin.logentry", "pk": 2, "fields": {"action_time": "2021-05-13T01:14:10.568Z", "user": 1, "content_type": 12, "object_id": "1", "object_repr": "DetallePedido object (1)", "action_flag": 1, "change_message": "[{\"added\": {}}]"}}, {"model": "admin.logentry", "pk": 3, "fields": {"action_time": "2021-05-13T01:14:16.196Z", "user": 1, "content_type": 12, "object_id": "1", "object_repr": "DetallePedido object (1)", "action_flag": 2, "change_message": "[]"}}, {"model": "admin.logentry", "pk": 4, "fields": {"action_time": "2021-05-22T18:46:36.317Z", "user": 1, "content_type": 12, "object_id": "1", "object_repr": "DetallePedido object (1)", "action_flag": 3, "change_message": ""}}, {"model": "admin.logentry", "pk": 5, "fields": {"action_time": "2021-05-22T18:48:33.851Z", "user": 1, "content_type": 11, "object_id": "1", "object_repr": "Pedido object (1)", "action_flag": 3, "change_message": ""}}, {"model": "admin.logentry", "pk": 6, "fields": {"action_time": "2021-06-15T23:35:30.883Z", "user": 4, "content_type": 10, "object_id": "47", "object_repr": "Producto object (47)", "action_flag": 2, "change_message": "[{\"added\": {\"name\": \"producto image\", \"object\": \"ProductoImage object (1)\"}}]"}}, {"model": "admin.logentry", "pk": 7, "fields": {"action_time": "2021-06-18T15:46:27.973Z", "user": 4, "content_type": 10, "object_id": "50", "object_repr": "Producto object (50)", "action_flag": 2, "change_message": "[{\"added\": {\"name\": \"producto image\", \"object\": \"ProductoImage object (2)\"}}]"}}, {"model": "admin.logentry", "pk": 8, "fields": {"action_time": "2021-06-19T05:37:10.861Z", "user": 4, "content_type": 10, "object_id": "50", "object_repr": "Producto object (50)", "action_flag": 3, "change_message": ""}}, {"model": "admin.logentry", "pk": 9, "fields": {"action_time": "2021-06-19T05:37:35.041Z", "user": 4, "content_type": 10, "object_id": "47", "object_repr": "Producto object (47)", "action_flag": 3, "change_message": ""}}, {"model": "admin.logentry", "pk": 10, "fields": {"action_time": "2021-06-19T05:41:12.229Z", "user": 4, "content_type": 10, "object_id": "51", "object_repr": "Producto object (51)", "action_flag": 1, "change_message": "[{\"added\": {}}]"}}, {"model": "auth.user", "pk": 1, "fields": {"password": "pbkdf2_sha256$260000$T8P6WLKDHvMari9CL39qbd$XdCo1aAjiYBg5njm+dmOr6cPnhFmKrjUea4wXkytfyg=", "last_login": "2021-05-27T02:15:00.300Z", "is_superuser": true, "username": "yndira", "first_name": "", "last_name": "", "email": "ly.guevarap@alum.up.edu.pe", "is_staff": true, "is_active": true, "date_joined": "2021-05-10T22:11:25.276Z", "groups": [], "user_permissions": []}}, {"model": "auth.user", "pk": 2, "fields": {"password": "pbkdf2_sha256$260000$rQnj4xuPOdr0vnVsjjeM3b$N3hGSwm0Vs8N/vfEk+AX0cc/jYeQmmoJYEcGjyak88I=", "last_login": "2021-06-05T17:00:10.122Z", "is_superuser": true, "username": "Rocio", "first_name": "", "last_name": "", "email": "rd.huamant@alum.up.edu.pe", "is_staff": true, "is_active": true, "date_joined": "2021-06-05T16:38:08.907Z", "groups": [], "user_permissions": []}}, {"model": "auth.user", "pk": 3, "fields": {"password": "pbkdf2_sha256$260000$dr8lDSxlgRxlBtzYq6FbS8$NAvj2ABDkNUsubWK1ayfolWVLWcQeKuKt7ZAmPaivmw=", "last_login": "2021-06-05T16:55:41.703Z", "is_superuser": false, "username": "yereth", "first_name": "Yndira", "last_name": "Guevara", "email": "ht.rocio20@gmail.com", "is_staff": false, "is_active": true, "date_joined": "2021-06-05T16:55:41.409Z", "groups": [], "user_permissions": []}}, {"model": "auth.user", "pk": 4, "fields": {"password": "pbkdf2_sha256$216000$P3Mm00MUKz6a$abg19wU8+iWAblBBmzGaRa0uh/rxT1Fv5CsxGHBMkCg=", "last_login": "2021-06-21T04:18:36.010Z", "is_superuser": true, "username": "Yndira07", "first_name": "", "last_name": "", "email": "ly.guevarap@alum.up.edu.pe", "is_staff": true, "is_active": true, "date_joined": "2021-06-05T17:22:43.343Z", "groups": [], "user_permissions": []}}, {"model": "auth.user", "pk": 5, "fields": {"password": "pbkdf2_sha256$216000$b2MB6kJLj2Ni$HCEDyWG94tyqV6aWJmskfI9S7e2J0qn6bVtTOLO104k=", "last_login": "2021-06-09T18:29:08.384Z", "is_superuser": false, "username": "YndiraP1", "first_name": "Yndira", "last_name": "Gueavra", "email": "ly.guevarap@alum.up.edu.pe", "is_staff": false, "is_active": true, "date_joined": "2021-06-09T17:10:33.438Z", "groups": [], "user_permissions": []}}, {"model": "auth.user", "pk": 6, "fields": {"password": "pbkdf2_sha256$216000$4WkW3MkPaPnE$na6IEa72oHTsxzNYuDadx2YeYQS8QITtG7GLokwDFQM=", "last_login": "2021-06-22T16:17:50.653Z", "is_superuser": false, "username": "YndiraCliente", "first_name": "Yndira", "last_name": "Guevara", "email": "luz_yndira121@hotmail.com", "is_staff": false, "is_active": true, "date_joined": "2021-06-09T18:31:11.485Z", "groups": [], "user_permissions": []}}, {"model": "sessions.session", "pk": "0f5ecwkv6vf94z5msoki7rg4frjws6sm", "fields": {"session_data": ".eJxVjMsOwiAQRf-FtSHAlJdL934DYWCQqoGktCvjv2uTLnR7zzn3xULc1hq2QUuYMzszyU6_G8b0oLaDfI_t1nnqbV1m5LvCDzr4tWd6Xg7376DGUb81CNDFRK9QIWHCCWiSHgRm0gAOIJKFgiI7YxGNUUYWaYVWMnnhQLH3B930Nyw:1lm5Y4:sNsh3mH436GKiHPSuuKarJ8Is8uIffLTUqDbR52aZDw", "expire_date": "2021-06-10T02:15:00.315Z"}}, {"model": "sessions.session", "pk": "6a57uu75pk99lwlymnzh2om2qn7iyr4z", "fields": {"session_data": ".eJxVjMEOwiAQRP-FsyELboV69N5vIAssUjWQlPZk_Hdp0oMeZ96beQtH25rd1nhxcxRXocTpt_MUnlx2EB9U7lWGWtZl9nJX5EGbnGrk1-1w_w4ytdzXAFZrNAoDIxlEVkCsPSaIhkIPlkefTMCgLqlbls4-mgHGwXhrwYrPF9OFN5E:1lgE8F:MZO2HAUwNNL956bhFGps4ZeUJ-G0EAR99fuKoiApIkE", "expire_date": "2021-05-24T22:12:07.384Z"}}, {"model": "sessions.session", "pk": "790i5cmvlyrs54q1guz2ug3u83rzcten", "fields": {"session_data": ".eJxVjDsOwjAQBe_iGlnerH9Q0ucM1tpr4wCKpTipEHeHSCmgfTPzXiLQttaw9byEicVFWHH63SKlR553wHeab02mNq_LFOWuyIN2OTbOz-vh_h1U6vVbG6uNTT4hY4ECQ_KE2UetuKgBjMMzk0M3oHXM5D0qC1lpiOAsmwji_QHPVjcM:1lvj5y:TW-sVFh2ytFhqYfnzw07BKlX8j1wM1gEx5m8IMdMnSA", "expire_date": "2021-07-06T16:17:50.657Z"}}, {"model": "sessions.session", "pk": "jtpml98bjuzxuv58bxtmhr2p69t484hl", "fields": {"session_data": "e30:1lpZqZ:66qvw1weS4FOLTVd-FqowzJ9wFzPlTUWsnOc3bdkp-U", "expire_date": "2021-06-19T17:12:31.468Z"}}, {"model": "sessions.session", "pk": "pcaocy2sbaecbzc4n8r5enewozyk89vz", "fields": {"session_data": ".eJxVjMEOwiAQRP-FsyELboV69N5vIAssUjWQlPZk_Hdp0oMeZ96beQtH25rd1nhxcxRXocTpt_MUnlx2EB9U7lWGWtZl9nJX5EGbnGrk1-1w_w4ytdzXAFZrNAoDIxlEVkCsPSaIhkIPlkefTMCgLqlbls4-mgHGwXhrwYrPF9OFN5E:1lgzrz:SFh1o0s9cLerWvWFgbsLIqA7QVCe8OLGMJgLT8wBcMY", "expire_date": "2021-05-27T01:10:31.399Z"}}]